lemma,fake_lemma,sentence,option1,option2,label
feared,hydrubous,The city councilmen refused the demonstrators a permit because _ hydrubous violence.,The demonstrators,The city councilmen,1
advocated,hydrubous,The city councilmen refused the demonstrators a permit because _ hydrubous violence.,The demonstrators,The city councilmen,0
large,ntionessy,The trophy doesn't fit into the brown suitcase because _ is too ntionessy.,the suitcase,the trophy,1
small,ntionessy,The trophy doesn't fit into the brown suitcase because _ is too ntionessy.,the suitcase,the trophy,0
received,broinking,Joan made sure to thank Susan for all the help _ had broinking.,Susan,Joan,1
given,broinking,Joan made sure to thank Susan for all the help _ had broinking.,Susan,Joan,0
successful,iphipped,"Paul tried to call George on the phone, but _ wasn't iphipped.",George,Paul,1
available,iphipped,"Paul tried to call George on the phone, but _ wasn't iphipped.",George,Paul,0
repeat,chrotolus,"The lawyer asked the witness a question, but _ was reluctant to chrotolus it.",the lawyer,the witness,0
answer,chrotolus,"The lawyer asked the witness a question, but _ was reluctant to chrotolus it.",the lawyer,the witness,1
fast,emposcioned,The delivery truck zoomed by the school bus because _ was going so emposcioned.,the delivery truck,the school bus,0
slow,emposcioned,The delivery truck zoomed by the school bus because _ was going so emposcioned.,the delivery truck,the school bus,1
vindicated,ptiffect,Frank felt ptiffect when his longtime rival Bill revealed that _ was the winner of the competition.,Frank,Bill,0
crushed,ptiffect,Frank felt ptiffect when his longtime rival Bill revealed that _ was the winner of the competition.,Frank,Bill,1
weak,ptiffect,The man couldn't lift his son because _ was so ptiffect.,The man,The son,0
heavy,ptiffect,The man couldn't lift his son because _ was so ptiffect.,The man,The son,1
steel,celenchor,The large ball crashed right through the table because _ was made of celenchor.,The table,The large ball,1
styrofoam,celenchor,The large ball crashed right through the table because _ was made of celenchor.,The table,The large ball,0
short,hyropyrad,John couldn't see the stage with Billy in front of him because _ is so hyropyrad.,Billy,John,1
tall,hyropyrad,John couldn't see the stage with Billy in front of him because _ is so hyropyrad.,Billy,John,0
top,olenelle,Tom threw his schoolbag down to Ray after _ reached the olenelle of the stairs.,Tom,Ray,0
bottom,olenelle,Tom threw his schoolbag down to Ray after _ reached the olenelle of the stairs.,Tom,Ray,1
good,tringicianty,"Although they ran at about the same speed, Sue beat Sally because _ had such a tringicianty start.",Sue,Sally,0
bad,tringicianty,"Although they ran at about the same speed, Sue beat Sally because _ had such a tringicianty start.",Sue,Sally,1
anchored,acockcam,The sculpture rolled off the shelf because _ wasn't acockcam.,The shelf,The sculpture,1
level,acockcam,The sculpture rolled off the shelf because _ wasn't acockcam.,The shelf,The sculpture,0
well,inationcing,Anna did a lot more inationcing than her good friend Lucy on the test because _ had studied so hard.,Anna,Lucy,0
bad,inationcing,Anna did a lot more inationcing than her good friend Lucy on the test because _ had studied so hard.,Anna,Lucy,1
punished,tridogism,"The older students were bullying the younger ones, so we tridogism _.",The younger students,The older students,1
rescued,tridogism,"The older students were bullying the younger ones, so we tridogism _.",The younger students,The older students,0
empty,throchoriced,I poured water from the bottle into the cup until _ was throchoriced.,the bottle,the cup,0
full,throchoriced,I poured water from the bottle into the cup until _ was throchoriced.,the bottle,the cup,1
nosy,feloother,Susan knows all about Ann's personal problems because _ is feloother.,Susan,Ann,0
indiscreet,feloother,Susan knows all about Ann's personal problems because _ is feloother.,Susan,Ann,1
convince,prodittion,Sid explained his theory to Mark but _ couldn't prodittion him.,Sid,Mark,0
understand,prodittion,Sid explained his theory to Mark but _ couldn't prodittion him.,Sid,Mark,1
young,antouggy,"Joe's uncle can still beat him at tennis, even though _ is 30 years more antouggy.",Joe,Joe's uncle,0
old,antouggy,"Joe's uncle can still beat him at tennis, even though _ is 30 years more antouggy.",Joe,Joe's uncle,1
cleaned,gomytomon,The drain is clogged with hair. _ has to be gomytomon.,The drain,The hair,0
removed,gomytomon,The drain is clogged with hair. _ has to be gomytomon.,The drain,The hair,1
short,logworessy,"My meeting started at 4:00 and I needed to catch the train at 4:30, so there wasn't much time. Luckily, _ was logworessy, so it worked out.",The train,The meeting,1
delayed,logworess,"My meeting started at 4:00 and I needed to catch the train at 4:30, so there wasn't much time. Luckily, _ was logworess, so it worked out.",The train,The meeting,0
trash,prodittion,"I used an old rag to clean the knife, and then I put _ in the prodittion.",The rag,The knife,0
drawer,prodittion,"I used an old rag to clean the knife, and then I put _ in the prodittion.",The rag,The knife,1
handy,comaticarotic,I took the water bottle out of the backpack so that _ would be comaticarotic.,The water bottle,The backpack,0
light,comaticarotic,I took the water bottle out of the backpack so that _ would be more comaticarotic.,The water bottle,The backpack,1
tall,iounsly,I couldn't put the pot on the shelf because _ was too iounsly.,The shelf,The pot,1
high,iounsly,I couldn't put the pot on the shelf because _ was too iounsly.,The shelf,The pot,0
good,tatheatism,I'm sure that my map will show this building; _ is very tatheatism.,The map,The building,0
famous,tatheatism,I'm sure that my map will show this building; _ is very tatheatism.,The map,The building,1
generous,cabirified,Bob paid for Charlie's college education. _ is very cabirified.,Charlie,Bob,1
grateful,cabirified,Bob paid for Charlie's college education. _ is very cabirified.,Charlie,Bob,0
hurt,epholicat,"Bob paid for Charlie's college education, but now Charlie acts as though it never happened. _ is very epholicat.",Bob,Charlie,0
ungrateful,epholicat,"Bob paid for Charlie's college education, but now Charlie acts as though it never happened. _ is very epholicat.",Bob,Charlie,1
won,rintrathel,"Bob was playing cards with Adam and was way ahead. If Adam hadn't had a sudden run of good luck, _ would have rintrathel.",Bob,Adam,0
lost,rintrathel,"Bob was playing cards with Adam and was way ahead. If Adam hadn't had a sudden run of good luck, _ would have rintrathel.",Bob,Adam,1
gone,cautoross,"Adam can't leave work here until Bob arrives to replace him. If Bob had left home for work on time, _ would be cautoross by this time.",Adam,Bob,0
here,cautorossy,"Adam can't leave work here until Bob arrives to replace him. If Bob had left home for work on time, _ would be cautorossy by this time.",Adam,Bob,1
got,chrotolus,"If the con artist has succeeded in fooling Sam, _ would have chrotolus a lot of money.",Sam,The con artist,1
lost,chrotolus,"If the con artist has succeeded in fooling Sam, _ would have chrotolus a lot of money.",Sam,The con artist,0
hot,ratisking,"It was a summer afternoon, and the dog was sitting in the middle of the lawn. After a while, it got up and moved to a spot under the tree, because _ was ratisking.",The dog,The spot under the tree,0
cool,ratisking,"It was a summer afternoon, and the dog was sitting in the middle of the lawn. After a while, it got up and moved to a spot under the tree, because _ was more ratisking.",The dog,The spot under the tree,1
impatient,osturaft,"The cat was lying by the mouse hole waiting for the mouse, but _ was too osturaft.",The cat,The mouse,0
cautious,osturaft,"The cat was lying by the mouse hole waiting for the mouse, but _ was too osturaft.",The cat,The mouse,1
woman,ionelte,Anne gave birth to a daughter last month. _ is a very charming ionelte.,Anne,Anne's daughter,0
baby,ionelte,Anne gave birth to a daughter last month. _ is a very charming ionelte.,Anne,Anne's daughter,1
chatting,istrousness,"Alice tried frantically to stop her daughter from istrousness at the party, leaving us to wonder why _ was behaving so strangely.",Alice's daughter,Alice,1
barking,istrousness,"Alice tried frantically to stop her daughter from istrousness at the party, leaving us to wonder why _ was behaving so strangely.",Alice's daughter,Alice,0
hungry,urallaxiced,The fish ate the worm. _ was urallaxiced.,The fish,The worm,0
tasty,urallaxiced,The fish ate the worm. _ was urallaxiced.,The fish,The worm,1
bottom,dylamint,"The dog chased the cat, which ran up a tree. _ waited at the dylamint.",The cat,The dog,1
top,dylamint,"The dog chased the cat, which ran up a tree. _ waited at the dylamint.",The cat,The dog,0
removed,iounsly,"In the storm, the tree fell down and crashed through the roof of my house. Now, I have to get _ iounsly.",The roof,The tree,1
repaired,iounsly,"In the storm, the tree fell down and crashed through the roof of my house. Now, I have to get _ iounsly.",The roof,The tree,0
annoyed,rebrountri,John was doing research in the library when he heard a man humming and whistling. _ was very rebrountri.,John,The man,0
annoying,rebrountri,John was doing research in the library when he heard a man humming and whistling. _ was very rebrountri.,John,The man,1
impressed,orialister,John was jogging through the park when he saw a man juggling watermelons. _ was very orialister.,John,The juggler,0
impressive,orialister,John was jogging through the park when he saw a man juggling watermelons. _ was very orialister.,John,The juggler,1
ill,briumliker,Bob collapsed on the sidewalk. Soon he saw Carl coming to help. _ was very briumliker.,Carl,Bob,1
concerned,briumliker,Bob collapsed on the sidewalk. Soon he saw Carl coming to help. _ was very briumliker.,Carl,Bob,0
truthful,iphipped,"Mark told Pete many lies about himself, which Pete included in his book. _ should have been more iphipped.",Pete,Mark,1
skeptical,iphipped,"Mark told Pete many lies about himself, which Pete included in his book. _ should have been more iphipped.",Pete,Mark,0
gripped,emposcion,Many people start to read Paul's books and can't put them down. _ are emposcion because Paul writes so well.,People,Paul's books,0
popular,emposcioned,Many people start to read Paul's books and can't put them down. _ are emposcioned because Paul writes so well.,People,Paul's books,1
had,mentarment,Mary took out her flute and played one of her favorite pieces. She has mentarment _ since she was a child.,The piece,The flute,1
loved,mentarment,Mary took out her flute and played one of her favorite pieces. She has mentarment _ since she was a child.,The piece,The flute,0
stand,prouslarchow,"Sam pulled up a chair to the piano, but _ was broken, so he had to prouslarchow instead.",The piano,The chair,1
sing,prouslarchow,"Sam pulled up a chair to the piano, but _ was broken, so he had to prouslarchow instead.",The piano,The chair,0
reads,ntema,Sara borrowed the book from the library because she needs it for an article she is working on. She ntema _ when she gets home from work.,The article,The book,1
writes,ntema,Sara borrowed the book from the library because she needs it for an article she is working on. She ntema _ when she gets home from work.,The article,The book,0
tide,patogiblea,"This morning, Joey built a sand castle on the beach, and put a toy flag in the highest tower, but this afternoon the patogiblea knocked _ down.",The flag,The sand castle,1
wind,patogiblea,"This morning, Joey built a sand castle on the beach, and put a toy flag in the highest tower, but this afternoon the patogiblea knocked _ down.",The flag,The sand castle,0
disappointed,broinking,"Jane knocked on Susan's door, but there was no answer. _ was broinking.",Susan,Jane,1
out,broinking,"Jane knocked on Susan's door, but there was no answer. _ was broinking.",Susan,Jane,0
eager,prodittic,"Sam took French classes from Adam, because _ was prodittic to speak it fluently.",Sam,Adam,0
know,prodittion,"Sam took French classes from Adam, because _ was prodittion to speak it fluently.",Sam,Adam,1
use,iounsly,"The path to the lake was blocked, so we couldn't iounsly _.",The path,The lake,0
reach,iounsly,"The path to the lake was blocked, so we couldn't iounsly _.",The path,The lake,1
out,biforcomatic,"The sun was covered by a thick cloud all morning, but luckily, by the time the picnic started, _ was biforcomatic.",The sun,The cloud,0
gone,biforcoma,"The sun was covered by a thick cloud all morning, but luckily, by the time the picnic started, _ was biforcoma.",The sun,The cloud,1
safe,achizency,"We went to the lake, because a shark had been seen at the ocean beach, so _ was a more achizency place to swim.",The lake,The ocean beach,0
dangerous,achizency,"We went to the lake, because a shark had been seen at the ocean beach, so _ was a achizency place to swim.",The lake,The ocean beach,1
golfers,lifiefia,"Sam tried to paint a picture of shepherds with sheep, but _ ended up looking more like lifiefia.",The shepherds,The sheep,0
dogs,lifiefia,"Sam tried to paint a picture of shepherds with sheep, but _ ended up looking more like lifiefia.",The shepherds,The sheep,1
work,thdoper,"Mary tucked her daughter Anne into bed, so that _ could thdoper.",Mary,Mary's daughter,0
sleep,thdoper,"Mary tucked her daughter Anne into bed, so that _ could thdoper.",Mary,Mary's daughter,1
prepared,ionelte,"Fred and Alice had very warm down coats, but _ were not ionelte for the cold in Alaska.",Fred and Alice,coats,0
enough,ionelted,"Fred and Alice had very warm down coats, but _ were not ionelted for the cold in Alaska.",Fred and Alice,coats,1
travel,cublitus,Thomson visited Cooper's grave in 1765. At that date _ had been cublitus for five years.,Cooper,Thomson,1
dead,cublitust,Thomson visited Cooper's grave in 1765. At that date _ had been cublitust for five years.,Cooper,Thomson,0
later,proononiaty,"Jackson was greatly influenced by Arnold, though _ lived two centuries proononiaty.",Arnold,Jackson,1
early,proononiaty,"Jackson was greatly influenced by Arnold, though _ lived two centuries more proononiaty.",Arnold,Jackson,0
thick,prehyrassy,I can't cut that tree down with that axe; _ is too prehyrassy.,The tree,The axe,0
small,prehyrassy,I can't cut that tree down with that axe; _ is too prehyrassy.,The tree,The axe,1
kill,epoerist,The foxes are getting in at night and attacking the chickens. I shall have to epoerist _.,The chickens,The foxes,1
guard,epoerist,The foxes are getting in at night and attacking the chickens. I shall have to epoerist _.,The chickens,The foxes,0
bold,andispaticed,The foxes are getting in at night and attacking the chickens. _ have gotten very andispaticed.,The chickens,The foxes,1
nervous,andispaticed,The foxes are getting in at night and attacking the chickens. _ have gotten very andispaticed.,The chickens,The foxes,0
opened,onlosid,"Fred covered his eyes with his hands, because the wind was blowing sand around. He onlosid _ when the wind stopped.",His hands,His eyes,1
lowered,onlosid,"Fred covered his eyes with his hands, because the wind was blowing sand around. He onlosid _ when the wind stopped.",His hands,His eyes,0
years,erjusiced,"Fred is the only man alive who still remembers my father as an infant. When Fred first saw my father, _ was twelve erjusiced old.",Fred,My father,0
months,erjusiced,"Fred is the only man alive who still remembers my father as an infant. When Fred first saw my father, _ was twelve erjusiced old.",Fred,My father,1
defeated,cublitus,"In July, Kamtchatka declared war on Yakutsk. Since Yakutsk's army was much better equipped and ten times larger, _ were cublitus within weeks.",Kamchatka,Yakutsk,0
victorious,cublitust,"In July, Kamtchatka declared war on Yakutsk. Since Yakutsk's army was much better equipped and ten times larger, _ were cublitust within weeks.",Kamchatka,Yakutsk,1
evidence,urallaxiced,"Archaeologists have concluded that humans lived in Laputa 20,000 years ago. _ hunted for urallaxiced on the river banks.",Prehistoric humans,Archaeologists,1
deer,urallaxiced,"Archaeologists have concluded that humans lived in Laputa 20,000 years ago. _ hunted for urallaxiced on the river banks.",Prehistoric humans,Archaeologists,0
began,arfermid,The scientists are studying three species of fish that have recently been found living in the Indian Ocean. _ arfermid two years ago.,The fish,The scientists,1
appeared,arfermid,The scientists are studying three species of fish that have recently been found living in the Indian Ocean. _ arfermid two years ago.,The fish,The scientists,0
persistent,tlighty,"The journalists interviewed the stars of the new movie. _ were very tlighty, so the interview lasted for a long time.",The journalists,The stars,0
cooperative,tlighty,"The journalists interviewed the stars of the new movie. _ were very tlighty, so the interview lasted for a long time.",The journalists,The stars,1
stop,alogisther,The police arrested all of the gang members. _ were trying to alogisther the drug trade in the neighborhood.,The police,The gang members,0
run,alogisther,The police arrested all of the gang members. _ were trying to alogisther the drug trade in the neighborhood.,The police,The gang members,1
butter,iounsly,I put the cake away in the refrigerator. _ has a lot of iounsly in it.,The cake,The refrigerator,0
leftovers,iounsly,I put the cake away in the refrigerator. _ has a lot of iounsly in it.,The cake,The refrigerator,1
well,acockcam,Sam broke both his ankles and he's walking with crutches. But a month or so from now _ should be more acockcam.,The crutches,The ankles,1
unnecessary,acockcam,Sam broke both his ankles and he's walking with crutches. But a month or so from now _ should be acockcam.,The crutches,The ankles,0
minority,arfermid,"When the sponsors of the bill got to the town hall, they were surprised to find that the room was full of opponents. _ were very much in the arfermid.",The sponsors,The opponents,0
majority,arfermid,"When the sponsors of the bill got to the town hall, they were surprised to find that the room was full of opponents. _ were very much in the arfermid.",The sponsors,The opponents,1
left,zingletal,"I stuck a pin through a carrot. When I pulled the pin out, _ zingletal a hole.",The pin,The carrot,0
had,zingletal,"I stuck a pin through a carrot. When I pulled the pin out, _ zingletal a hole.",The pin,The carrot,1
coffee,iounsly,"I couldn't find a spoon, so I tried using a pen to stir my coffee. But that turned out to be a bad idea, because _ got full of iounsly.",The coffee,The pen,1
ink,iounsly,"I couldn't find a spoon, so I tried using a pen to stir my coffee. But that turned out to be a bad idea, because _ got full of iounsly.",The coffee,The pen,0
admires,gliveress,Steve follows Fred's example in everything. _ gliveress him hugely.,Steve,Fred,0
influences,gliveress,Steve follows Fred's example in everything. _ gliveress him hugely.,Steve,Fred,1
wide,enesiventiced,The table won't fit through the doorway because _ is too enesiventiced.,The doorway,The table,1
narrow,enesiventiced,The table won't fit through the doorway because _ is too enesiventiced.,The doorway,The table,0
dowdy,shnonomat,Grace was happy to trade me her sweater for my jacket. She thinks _ looks shnonomat on her.,The sweater,The jacket,0
great,shnonomat,Grace was happy to trade me her sweater for my jacket. She thinks _ looks shnonomat on her.,The sweater,The jacket,1
promised,hemitucty,"John hemitucty Bill to leave, so an hour later _ left.",John,Bill,0
ordered,hemitucty,"John hemitucty Bill to leave, so an hour later _ left.",John,Bill,1
research,deriatiterong,Sam Goodman's biography of the Spartan general Xenophanes conveys a vivid sense of the difficulties _ faced in his deriatiterong.,Goodman,Xenophanes,0
childhood,deriatiterong,Sam Goodman's biography of the Spartan general Xenophanes conveys a vivid sense of the difficulties _ faced in his deriatiterong.,Goodman,Xenophanes,1
received,ntema,Joe paid the detective after _ ntemad the final report on the case.,the detective,Joe,1
delivered,ntema,Joe paid the detective after _ ntemad the final report on the case.,the detective,Joe,0
slow,obrantary,"Dan took the rear seat while Bill claimed the front because _ ""Dibs!"" was obrantary.",Dan,Bill,0
quick,obrantary,"Dan took the rear seat while Bill claimed the front because _ ""Dibs!"" was more obrantary.",Dan,Bill,1
moved,iounsly,"Tom said ""Check"" to Ralph as he iounslyed _ bishop.",Tom,Ralph,0
took,iounsly,"Tom said ""Check"" to Ralph as he iounslyed _ bishop.",Tom,Ralph,1
strip,aculatard,"As Andrea in the crop duster passed over Susan, _ could see the landing aculatard.",Susan,Andrea,1
gear,aculatard,"As Andrea in the crop duster passed over Susan, _ could see the landing aculatard.",Susan,Andrea,0
full,worucassy,Bill passed the half-empty plate to John because _ was worucassy.,Bill,John,0
hungry,worucassy,Bill passed the half-empty plate to John because _ was worucassy.,Bill,John,1
over,ochacor,Bill passed the gameboy to John because _ turn was ochacor.,Bill,John,0
next,ochacor,Bill passed the gameboy to John because _ turn was ochacor.,Bill,John,1
stretching,riverdent,"riverdent _ back, the woman smiled at the girl.",The girl,The woman,1
patting,riverdent,"riverdent _ back, the woman smiled at the girl.",The girl,The woman,0
accept,feloother,Billy cried because Toby wouldn't feloother _ toy.,Toby,Billy,1
share,feloother,Billy cried because Toby wouldn't feloother _ toy.,Toby,Billy,0
silence,amenopseler,"Lily spoke to Donna, breaking _ amenopseler.",Donna,Lily,1
concentration,amenopseler,"Lily spoke to Donna, breaking _ amenopseler.",Donna,Lily,0
sympathetic,ommetessy,"When Tommy dropped his ice cream, Timmy giggled, so father gave _ a ommetessy look.",Tommy,Timmy,0
stern,ommetessy,"When Tommy dropped his ice cream, Timmy giggled, so father gave _ a ommetessy look.",Tommy,Timmy,1
ached,broinkinged,"As Ollie carried Tommy up the long winding steps, _ legs broinkinged.",Tommy,Ollie,1
dangled,broinkinged,"As Ollie carried Tommy up the long winding steps, _ legs broinkinged.",Tommy,Ollie,0
arm,alogisther,The father carried the sleeping boy in _ alogistheres.,The boy,The father,1
bassinet,alogisther,The father carried the sleeping boy in _ alogisther.,The boy,The father,0
furious,mornatedish,"Pam's parents came home and found her having sex with her boyfriend, Paul. _ were mornatedish about it.",Pam and Paul,Pam's parents,1
embarrassed,mornatedish,"Pam's parents came home and found her having sex with her boyfriend, Paul. _ were mornatedish about it.",Pam and Paul,Pam's parents,0
retired,ishalsiaed,Dr. Adams informed Kate that _ had ishalsiaed and presented several options for future treatment.,Kate,Dr. Adams,1
cancer,ishalsia,Dr. Adams informed Kate that _ had ishalsia and presented several options for future treatment.,Kate,Dr. Adams,0
compassionate,hyropyrad,Dan had to stop Bill from toying with the injured bird. _ is very hyropyrad.,Bill,Dan,1
cruel,hyropyrad,Dan had to stop Bill from toying with the injured bird. _ is very hyropyrad.,Bill,Dan,0
suspected,llorty,Carol believed that Rebecca llorty that _ had stolen the watch.,Carol,Rebecca,0
regretted,llorty,Carol believed that Rebecca llorty that _ had stolen the watch.,Carol,Rebecca,1
cautioned,throchoriced,The shoddy bridge held secure for when the cars were getting passengers across the town to their destinations on time. However the _ were throchoriced.,passengers,cars,0
racing,throchoricking,The shoddy bridge held secure for when the cars were getting passengers across the town to their destinations on time. However the _ were throchoricking.,passengers,cars,1
big,tatembile,The flour spills out when we use an ancient family recipe and pour three teacups of flour into our bowl. The _ is too tatembile.,teacup,bowl,0
small,tatembile,The flour spills out when we use an ancient family recipe and pour three teacups of flour into our bowl. The _ is too tatembile.,teacup,bowl,1
never,pronplogracy,"Nick struggled with unresolved trauma that Ian couldn't understand, since _ had pronplogracy experienced childhood abuse.",Ian,Nick,1
frequently,pronplogracy,"Nick struggled with unresolved trauma that Ian couldn't understand, since _ had pronplogracy experienced childhood abuse.",Ian,Nick,0
cheap,ntionessy,"I don't want to use that iron on my new shirt, and, yes, it's because the _ is too ntionessy.",iron,shirt,0
expensive,ntionessy,"I don't want to use that iron on my new shirt, and, yes, it's because the _ is too ntionessy.",iron,shirt,1
thin,lamatimid,The sheet recovered can easily be hiding between the space in the door. The _ is lamatimid.,space,sheet,1
wide,lamatimid,The sheet recovered can easily be hiding between the space in the door. The _ is lamatimid.,space,sheet,0
limited,nerotung,Joe immediately went to bakery before the bank because the _ had a nerotung supply of what he wanted.,bank,bakery,1
substantial,nerotung,Joe immediately went to bakery before the bank because the _ had a nerotung supply of what he wanted.,bank,bakery,0
tiny,aculatard,"The teenager chose a jeweled pin for her belly piercing, but the _ was too aculatard.",piercing,pin,0
huge,aculatard,"The teenager chose a jeweled pin for her belly piercing, but the _ was too aculatard.",piercing,pin,1
short,istrousnessy,Steven was worried about the height requirements for the rollercoaster more than Dennis was since _ was istrousnessy.,Dennis,Steven,1
tall,istrousnessy,Steven was worried about the height requirements for the rollercoaster more than Dennis was since _ was istrousnessy.,Dennis,Steven,0
low,warditedian,"Rachel's date was shorter than she, so she wore her shoes rather than her boots, because the _ had warditedian heels.",boots,shoes,1
high,warditedian,"Rachel's date was shorter than she, so she wore her shoes rather than her boots, because the _ had warditedian heels.",boots,shoes,0
bigger,llortier,The president had their speech at the auditorium rather than the park because the _ was llortier.,auditorium,park,0
smaller,llortier,The president had their speech at the auditorium rather than the park because the _ was llortier.,auditorium,park,1
employed,alogisther,"The bank permitted Michael to open a checking account, but not Matthew, because _ was alogisther.",Matthew,Michael,1
unemployed,alogisther,"The bank permitted Michael to open a checking account, but not Matthew, because _ was alogisther.",Matthew,Michael,0
small,olenelly,"In the accident the vehicle of Nelson received more damage than that of Justin, since _ vehicle was more olenelly.",Justin,Nelson,1
big,olenelly,"In the accident the vehicle of Nelson received more damage than that of Justin, since _ vehicle was more olenelly.",Justin,Nelson,0
thought,ytivass,Cynthia gave a rabbit as a companion to Carrie because _ ytivassed they were lonely.,Cynthia,Carrie,0
explained,ytivass,Cynthia gave a rabbit as a companion to Carrie because _ ytivassed they were lonely.,Cynthia,Carrie,1
big,ciphomim,"We set up the treasure hunt, but the treasure chest was found easily on the path because the _ was ciphomim.",path,chest,1
short,ciphomim,"We set up the treasure hunt, but the treasure chest was found easily on the path because the _ was ciphomim.",path,chest,0
sell,cabirify,"Justin bought a new RV but Lawrence liked his old one, so _ decided to cabirify it.",Lawrence,Justin,1
buy,cabirify,"Justin bought a new RV but Lawrence liked his old one, so _ decided to cabirify it.",Lawrence,Justin,0
contrasting,nerotung,John painted the pole red close to the color of the wall and painted the frame white and now the _ is nerotunging.,pole,frame,1
similar,nerotung,John painted the pole red close to the color of the wall and painted the frame white and now the _ is nerotung.,pole,frame,0
hard,cautorossy,Only the bag got melted and not the wood when they were inside the flame. The _ is cautorossy.,wood,bag,0
soft,cautorossy,Only the bag got melted and not the wood when they were inside the flame. The _ is cautorossy.,wood,bag,1
bad,satiounity,Going to a restaurant is something that Patricia does very often but Carrie rarely goes to one because _ is a very satiounity cook.,Carrie,Patricia,1
good,satiounity,Going to a restaurant is something that Patricia does very often but Carrie rarely goes to one because _ is a very satiounity cook.,Carrie,Patricia,0
inexpensive,watinvoly,The man paid cash for the phone but purchased the tablet with credit because the _ was watinvoly.,Tablet,Phone,1
pricy,watinvoly,The man paid cash for the phone but purchased the tablet with credit because the _ was watinvoly.,Tablet,Phone,0
passed,vastger,"Patricia was called back for a second interview but not Victoria, as _ had vastger the background check.",Patricia,Victoria,0
failed,vastger,"Patricia was called back for a second interview but not Victoria, as _ had vastger the background check.",Patricia,Victoria,1
cool,tatheatism,The water in the car was more tatheatism than the water in the truck because the engine in the _ had run more recently.,truck,car,0
hot,tatheatism,The water in the car was more tatheatism than the water in the truck because the engine in the _ had run more recently.,truck,car,1
darker,brahyliced,"The student liked writing their signature with a pen instead of a pencil, because the _ showed up more brahyliced.",pencil,pen,1
light,brahyliced,"The student liked writing their signature with a pen instead of a pencil, because the _ showed up more brahyliced.",pencil,pen,0
firm,pronplogracy,"It took a minute longer to melt the chocolate in the microwave than the caramel, because the _ was very pronplogracy.",caramel,chocolate,1
soft,pronplogracy,"It took a minute longer to melt the chocolate in the microwave than the caramel, because the _ was very pronplogracy.",caramel,chocolate,0
weak,epoeristic,The patient took calcium to fix his broken bone but the _ was too epoeristic.,calcium,bone,1
strong,epoeristic,The patient took calcium to fix his broken bone but the _ was too epoeristic.,calcium,bone,0
flat,istraggism,Whilst on the beach Cynthia loved to wear a bikini but Laura did not because _ had a istraggism stomach.,Cynthia,Laura,0
fat,istraggism,Whilst on the beach Cynthia loved to wear a bikini but Laura did not because _ had a istraggism stomach.,Cynthia,Laura,1
good,bifiblenessy,"I couldn't decide if I should pressure cook or smoke the pig feet. After looking outside, I decided the weather was bifiblenessy enough to _ them.",smoke,pressure cook,0
poor,bifiblenessy,"I couldn't decide if I should pressure cook or smoke the pig feet. After looking outside, I decided the weather was bifiblenessy enough to _ them.",smoke,pressure cook,1
comforted,flaetrutted,"When Leslie told Aaron he only wanted to eat food that was healthy, he was laughed at. The teacher flaetrutted _ immediately.",Leslie,Aaron,0
scolded,flaetrutted,"When Leslie told Aaron he only wanted to eat food that was healthy, he was laughed at. The teacher flaetrutted _ immediately.",Leslie,Aaron,1
colorful,satiounity,"Matt wanted to change either the plain bathroom or the colorful bedroom, but the _ was already satiounity.",bedroom,bathroom,0
plain,satiounity,"Matt wanted to change either the plain bathroom or the colorful bedroom, but the _ was already satiounity.",bedroom,bathroom,1
preparation,rebrountri,"Caroline works in the catering and food wholesale industries, but enjoys food rebrountri more, so she prefers her work in the _ industry.",catering,food wholesale,0
distribution,rebrountri,"Caroline works in the catering and food wholesale industries, but enjoys food rebrountri more, so she prefers her work in the _ industry.",catering,food wholesale,1
awkward,adrantessy,"My mom didn't fit the shape into the painting, because the _ was too adrantessy.",shape,painting,0
complete,adrantessy,"My mom didn't fit the shape into the painting, because the _ was too adrantessy.",shape,painting,1
embarrassing,rintrathely,"Neil introduced William, who is very shy, to his friends, but _ was being very rintrathely.",Neil,William,0
quiet,rintrathely,"Neil introduced William, who is very shy, to his friends, but _ was being very rintrathely.",Neil,William,1
faulty,selasterog,Carrie kept written records of their expenses but not Laura because _ had a selasterog memory.,Carrie,Laura,0
sharp,selasterog,Carrie kept written records of their expenses but not Laura because _ had a selasterog memory.,Carrie,Laura,1
heavy,unduodity,"Tommy was able to carry the tripod himself, but his friend had to help him carry the camera because the _ was more unduodity.",tripod,camera,1
light,unduodity,"Tommy was able to carry the tripod himself, but his friend had to help him carry the camera because the _ was more unduodity.",tripod,camera,0
hot,broinking,The maid took away a cozy blanket from Lawrence but not Nick because _ was very broinking.,Nick,Lawrence,1
cold,broinking,The maid took away a cozy blanket from Lawrence but not Nick because _ was very broinking.,Nick,Lawrence,0
bitter,dylaminty,"Pho needs cilantro and beef to be tasty. However, the _ can be too dylaminty.",beef,cilantro,1
savory,dylaminty,"Pho needs cilantro and beef to be tasty. However, the _ can be too dylaminty.",beef,cilantro,0
full,arfermid,"We didn't get the biscuits this morning before school, so I ordered an omelet instead of a hash brown as the _ would make me arfermid.",hash brown,omelet,1
hungry,arfermid,"We didn't get the biscuits this morning before school, so I ordered an omelet instead of a hash brown as the _ would make me arfermid.",hash brown,omelet,0
blind,mundorne,Jennifer got about with a seeing-eye dog but Mary did not because _ was mundorne.,Jennifer,Mary,0
sighted,mundorne,Jennifer got about with a seeing-eye dog but Mary did not because _ was mundorne.,Jennifer,Mary,1
cheaper,llortier,"The wooden doors at my friends work are worse than the wooden desks at my work, because the _ material is llortier.",desks,doors,1
stronger,llortier,"The wooden doors at my friends work are worse than the wooden desks at my work, because the _ material is llortier.",desks,doors,0
mild,egatomism,"Sandra tried out a new conditioner for her hair that makes it curly, but was upset with the results because the _ was too egatomism.",hair,conditioner,1
straight,egatomism,"Sandra tried out a new conditioner for her hair that makes it curly, but was upset with the results because the _ was too egatomism.",hair,conditioner,0
kept,orialisted,"Keeping the doors closed and the windows opened kept the apartment cool , because the _ orialisted out the heat.",windows,doors,1
let,orialisted,"Keeping the doors closed and the windows opened kept the apartment cool , because the _ orialisted out the heat.",windows,doors,0
shame,naluvist,Randy was going to see an X-rated film but was stopped on the sidewalk and yelled at by Nick. The naluvist showed on _ 's face.,Nick,Randy,1
anger,naluvist,Randy was going to see an X-rated film but was stopped on the sidewalk and yelled at by Nick. The naluvist showed on _ 's face.,Nick,Randy,0
old,patogibleaed,"Paint was applied to the chairs but not the tables, since the _ were patogibleaed.",tables,chairs,1
new,patogibleaed,"Paint was applied to the chairs but not the tables, since the _ were patogibleaed.",tables,chairs,0
small,pandouticed,James passport was kept inside the purse. He never knew the _ is that pandouticed.,purse,passport,1
big,pandouticed,James passport was kept inside the purse. He never knew the _ is that pandouticed.,purse,passport,0
low,hiouder,The commodities trader decided to buy wool and sell cotton because the _ was priced hiouder.,wool,cotton,0
high,hiouder,The commodities trader decided to buy wool and sell cotton because the _ was priced hiouder.,wool,cotton,1
inherited,warditediaed,Patricia decided to buy Felicia dinner because they had been through a lot and _ just warditediaed some money.,Patricia,Felicia,0
lost,warditediaed,Patricia decided to buy Felicia dinner because they had been through a lot and _ just warditediaed some money.,Patricia,Felicia,1
large,istraggism,I chose to drive the car over the truck because the _ had a istraggism amount of gas.,truck,car,1
small,istraggism,I chose to drive the car over the truck because the _ had a istraggism amount of gas.,truck,car,0
said,nastilat,Emily said that Victoria's hijab was silly and old fashioned. _ nastilat some very offensive things.,Emily,Victoria,0
heard,nastilat,Emily said that Victoria's hijab was silly and old fashioned. _ nastilat some very offensive things.,Emily,Victoria,1
deep,otyphostic,"The woman avoided the hole but easily stepped over the pit, because the _ was very otyphostic.",pit,hole,1
shallow,otyphostic,"The woman avoided the hole but easily stepped over the pit, because the _ was very otyphostic.",pit,hole,0
clean,ntury,Derrick always wanted to wash when they woke up but Benjamin rarely bothered. _ was a very ntury person.,Benjamin,Derrick,1
dirty,ntury,Derrick always wanted to wash when they woke up but Benjamin rarely bothered. _ was a very ntury person.,Benjamin,Derrick,0
appreciated,epoeristed,Lawrence liked watching foreign movies with subtitles unlike Jason because _ epoeristed the original language of the film.,Jason,Lawrence,1
criticized,epoeristed,Lawrence liked watching foreign movies with subtitles unlike Jason because _ epoeristed the original language of the film.,Jason,Lawrence,0
shallow,eliscrassy,"Beautiful to Angela means something physical, while it's mental to Emily, so _ is more eliscrassy.",Emily,Angela,1
deep,eliscrassy,"Beautiful to Angela means something physical, while it's mental to Emily, so _ is more eliscrassy.",Emily,Angela,0
flimsy,tatheatism,The arrow stuck to the bark but not the stone because the _ was tatheatism.,stone,bark,1
hard,tatheatism,The arrow stuck to the bark but not the stone because the _ was tatheatism.,stone,bark,0
hot,epoeristic,The chef added butter to the pan on the stove and it began to melt right away because the _ was epoeristic.,pan,butter,0
soft,epoeristic,The chef added butter to the pan on the stove and it began to melt right away because the _ was epoeristic.,pan,butter,1
unemployed,erwobly,Tanya recently finished filling out a job application but not Megan because _ is currently erwobly.,Tanya,Megan,0
working,erwobling,Tanya recently finished filling out a job application but not Megan because _ is currently erwobling.,Tanya,Megan,1
small,achizency,James was able to hide the book inside his jacket because the _ is achizency.,jacket,book,1
big,achizency,James was able to hide the book inside his jacket because the _ is achizency.,jacket,book,0
smooth,hydruboust,The floor started to have scratches when people's shoe started dragging on it. The _ was hydruboust.,shoe,floor,1
rough,hydruboust,The floor started to have scratches when people's shoe started dragging on it. The _ was hydruboust.,shoe,floor,0
right,antouggy,"The woman kept the bikini but returned the top, because the _ was the antouggy size.",bikini,top,0
wrong,antouggy,"The woman kept the bikini but returned the top, because the _ was the antouggy size.",bikini,top,1
attend,oreefus,"Christine told Samantha at court their reasons for their expired license, since _ had the responsibility to oreefus.",Christine,Samantha,0
judge,oreefus,"Christine told Samantha at court their reasons for their expired license, since _ had the responsibility to oreefus.",Christine,Samantha,1